loyalty_number,cc_number,cvv,expiration_date
LT000001,6300920000000000,745,12/7/25
LT000002,6969283928889020,319,7/8/26
LT000003,4000390048938400,920,4/28/24
LT000004,4400292039409380,733,6/26/27
LT000005,7384940394039490,546,7/7/26
LT000006,4940594034049300,738,8/18/25
LT000007,6483049304930390,483,9/1/26
LT000008,8493830817284930,283,2/18/26
LT000009,3843829485928490,918,2/10/27
LT000010,4400392049308290,372,9/7/24