order_id,order_date,street_address,city,state,zip,cart_id,loyalty_number,cc_number,cvv,expiration_date
1,6/1/22,98 Martin Luther King street,Marshfield,ME,4654,1,LT000003,4000390048938400,920,4/28/24
2,6/10/22,623 Peace street,Seattle,WA,98102,2,LT000007,6483049304930390,483,9/1/26
3,6/11/22,83 Adams street,Chicago,IL,60601,3,LT000008,8493830817284930,283,2/18/26
4,6/12/22,18 Fools street,Dallas,TX,75001,4,LT000009,3843829485928490,918,2/10/27
5,6/26/22,689 Rowlings street,Denver,CO,80014,5,LT000010,4400392049308290,372,9/7/24
6,7/3/22,61 Marshall street,Dayton,OH,45377,6,LT000005,7384940394039490,546,7/7/26
7,7/11/22,623 Peace street,Seattle,WA,98102,7,LT000007,6483049304930390,483,9/1/26
8,7/30/22,83 Adams street,Chicago,IL,60601,8,LT000008,8493830817284930,283,2/18/26